COD,ZONA,NOME DO LOCAL,ENDEREÇO,BAIRRO,CIA,SEÇÕES,INSTALAÇÃO,HORÁRIO,ELEITORES, PRIORIDADE,LOCAL DE VOTAÇÃO,LOCAL DE URNAS,FISCALIZAÇÃO
1,001,ESC ESTADUAL ANTONIO PESSOA,AV BEAUREPAIRE ROHAN 149,CENTRO,5ª CIA,5,10/25/2024,8:30,2103,MÉDIO,Ativo,Instalado,Fiscalizado
2,001,ESC ESTADUAL MONS PEDRO ANISIO BEZERRA,RUA GIL FURTADO S/N ,IPES,4ª CIA,12,10/25/2024,8:00,4582,MÉDIO,Inativo,Não instalado,Não fiscalizado
3,001,ESC. MUNICIPAL JOSÉ DE BARROS MOREIRA,"RUA MELVIN JONES, S/N",IPES,4ª CIA,8,10/25/2024,10:00,2716,MÉDIO,Inativo,Não instalado,Não fiscalizado
4,001,CASA PEQUENO DAVI,"RUA JOÃO RAMALHO, 195",ROGER,4ª CIA,6,10/25/2024,9:00,2241,ALTO,Inativo,Não instalado,Não fiscalizado
5,001,ESC. ESTADUAL PADRE HILDON BANDEIRA,RUA CAETANO FILGUEIRAS S/N,TORRE,3ª CIA,7,10/25/2024,8:00,1986,BAIXO,Inativo,Não instalado,Não fiscalizado
6,001,CREI DONA TANA,"AV MANDACARU, SN",PADRE ZE,4ª CIA,4,10/25/2024,10:30,1478,MÉDIO,Inativo,Não instalado,Não fiscalizado
7,001,ESC ESTADUAL AUDIOCOMUNICAÇÃO,AV FRANCISCO MOURA S/N,TREZE DE MAIO,4ª CIA,6,10/25/2024,8:00,4365,MÉDIO,Inativo,Não instalado,Não fiscalizado
8,001,FACULDADE DE DIREITO,PRAÇA JOÃO PESSOA S/N,CENTRO,5ª CIA,2,10/25/2024,8:00,499,BAIXO,Inativo,Não instalado,Não fiscalizado
9,001,ESC. MUNICIPAL GENERAL RODRIGO OTAVIO (GPTE),"AV MATO GROSSO, 988",ESTADOS,3ª CIA,7,10/25/2024,8:30,2543,BAIXO,Inativo,Não instalado,Não fiscalizado
10,001,CENTRO SOCIAL URBANO MONSENHOR JOSE COUTINHO,"RUA PROF. Mª ESTER BEZERRA MESQUITA, S/N",IPES,4ª CIA,3,10/25/2024,8:00,1122,MÉDIO,Inativo,Não instalado,Não fiscalizado
11,001,ESC MUNICIPAL FREI AFONSO,RUA CORDEIRO SENIOR 250,ROGER,4ª CIA,7,10/25/2024,9:30,2687,ALTO,Inativo,Não instalado,Não fiscalizado
12,001,ESC. ESTADUAL PROF ANTONIA RANGEL DE FARIAS,AV JULIA FREIRE S/N,TORRE,3ª CIA,11,10/25/2024,8:30,3294,BAIXO,Inativo,Não instalado,Não fiscalizado
13,064,E.M.E.F. UBIRAJARA TARGINO BOTTO,"AV. DA FRATERNIDADE, 950",CRISTO REDENTOR,7ª CIA,5,10/26/2024,10:30,1669,ALTO,Inativo,Não instalado,Não fiscalizado
14,001,ESC. ESTADUAL TENENTE LUCENA,RUA PROF. Mª ESTER BEZERRA MESQUITA S/N,IPES,4ª CIA,8,10/25/2024,8:30,2807,MÉDIO,Inativo,Não instalado,Não fiscalizado
15,001,ESC MUNICIPAL HUGO MOURA,"RUA FAGUNDES VARELA, 119",PADRE ZE,4ª CIA,7,10/25/2024,9:00,2583,ALTO,Inativo,Não instalado,Não fiscalizado
16,001,LYCEU PARAIBANO,AV PRESIDENTE GETULIO VARGAS S/N,CENTRO,5ª CIA,6,10/25/2024,9:00,1953,BAIXO,Inativo,Não instalado,Não fiscalizado
17,001,E.E. PROF MATHEUS AUGUSTO (ANX SESQUICENTENÁRIO),AV MINAS GERAIS S/N,ESTADOS,3ª CIA,11,10/26/2024,10:00,1280,BAIXO,Inativo,Não instalado,Não fiscalizado
18,001,ESC. MUNICIPAL ESCRITOR LUIZ AUGUSTO CRISPIM,RUA PROFESSORA MOCINHA AVELAR S/N,IPES,4ª CIA,5,10/25/2024,9:30,1811,MÉDIO,Inativo,Não instalado,Não fiscalizado
19,001,ESC. ESTADUAL EPITACIO PESSOA,AV MONSENHOR WALFREDO LEAL S/N,TAMBIÁ,4ª CIA,4,10/25/2024,8:00,1532,BAIXO,Inativo,Não instalado,Não fiscalizado
20,064,ESC. NORMAL ESTADUAL P. MARIA DO CARMO DE MIRANDA,"AVENIDA JOAO LUIZ RIBEIRO DE MORAIS, 266",CENTRO,5ª CIA,11,10/26/2024,8:00,3423,BAIXO,Inativo,Não instalado,Não fiscalizado
21,001,ESC ESTADUAL MARCILIO DIAS,RUA FREI ALBINO S/N,PADRE ZE,4ª CIA,4,10/25/2024,10:00,1452,ALTO,Inativo,Não instalado,Não fiscalizado
22,001,COLEGIO OLIVINA OLIVIA CARNEIRO DA CUNHA,AV DUARTE DA SILVEIRA 450,CENTRO,5ª CIA,3,10/25/2024,9:30,805,BAIXO,Inativo,Não instalado,Não fiscalizado
23,077,ESCOLA MUNICIPAL SEVERINO PATRÍCIO,"ÍNDIO ARARIBÓIA, S/N",ALTO DO MATEUS,5ª CIA,1,10/26/2024,0:00,479,ALTO,Inativo,Não instalado,Não fiscalizado
24,001,ESPAÇO CULTURAL DA PARAIBA,"RUA ABDIAS GOMES DE ALMEIDA, 800",TAMBAUZINHO,3ª CIA,9,10/26/2024,7:00,3537,BAIXO,Inativo,Não instalado,Não fiscalizado
25,001,ESC. ESTADUAL JOSÉ VIEIRA,"RUA ABDIAS GOMES DE ALMEIDA, SN",TAMBAUZINHO,3ª CIA,8,10/26/2024,7:30,2946,BAIXO,Inativo,Não instalado,Não fiscalizado
26,001,ESC. MUNICIPAL GOVERNADOR BRIZOLA,RUA MARIA CAETANO FERNANDES DE LIMA 488,TAMBAUZINHO,3ª CIA,10,10/26/2024,8:00,3190,BAIXO,Inativo,Não instalado,Não fiscalizado
27,001,ESC ESTADUAL SESQUICENTENÁRIO,RUA DOUTOR ORESTES LISBOA S/N,PEDRO GONDIM,3ª CIA,8,10/26/2024,9:30,3025,BAIXO,Inativo,Não instalado,Não fiscalizado
28,001,INSTITUTO DOS CEGOS DA PARAIBA,AV SANTA CATARINA S/N,ESTADOS,3ª CIA,2,10/26/2024,9:30,570,BAIXO,Inativo,Não instalado,Não fiscalizado
29,001,ESC. MUNICIPAL VIOLETA FORMIGA,"RUA JOSE DE ALFREDO ATAÍDE, S/N",MANDACARU,4ª CIA,8,10/26/2024,8:00,3206,ALTO,Inativo,Não instalado,Não fiscalizado
30,001,COLÉGIO PIO X,PRAÇA DA INDEPENDENCIA 150,TAMBIÁ,4ª CIA,6,10/26/2024,8:00,2241,BAIXO,Inativo,Não instalado,Não fiscalizado
31,001,ESC. ESTADUAL PROF RAUL CORDULA,RUA FRANCISCO MARTINS DE OLIVEIRA S/N,TORRE,3ª CIA,7,10/26/2024,8:00,2711,MÉDIO,Inativo,Não instalado,Não fiscalizado
32,001,ESCOLA SÃO JOSÉ,"AV MARECHAL DEODORO DA FONSECA, 200",TORRE,3ª CIA,6,10/26/2024,8:00,1699,BAIXO,Inativo,Não instalado,Não fiscalizado
33,064,UNIVERSIDADE ESTADUAL DA PARAÍBA - UEPB,"RUA HORACIO TRAJANO OLIVEIRA, S/N",CRISTO REDENTOR,7ª CIA,15,10/26/2024,8:00,6212,BAIXO,Inativo,Não instalado,Não fiscalizado
34,064,ESCOLA MUNICIPAL PROFESSOR OSCAR DE CASTRO,"AV. LIMA FILHO, 147",CRUZ DAS ARMAS,6ª CIA,13,10/26/2024,9:00,4691,BAIXO,Inativo,Não instalado,Não fiscalizado
35,064,IFPB - JAGUARIBE,"AV. PRIMEIRO DE MAIO, 720",JAGUARIBE,5ª CIA,22,10/26/2024,8:00,6001,BAIXO,Inativo,Não instalado,Não fiscalizado
36,077,ESCOLA MUNICIPAL ANA NERY,"RUA CORONEL JOSÉ GOMES DE ABREU, S/N",ALTO DO MATEUS,5ª CIA,5,10/26/2024,8:00,1426,ALTO,Inativo,Não instalado,Não fiscalizado
37,077,ESC. EST. DE 1. E 2.GRAUS LUZIA SIMOES BARTOLINI,RADIALISTA GERALDO CAMPOS S/N,JARDIM PLANALTO,6ª CIA,12,10/26/2024,8:00,4147,BAIXO,Inativo,Não instalado,Não fiscalizado
38,077,ESCOLA MUNICIPAL BILÍNGUE DOM JOSÉ MARIA PIRES,"RUA AMBROSIO RODRIGUES DE SOUZA, S/N",NOVAIS,6ª CIA,9,10/26/2024,8:00,,MÉDIO,Inativo,Não instalado,Não fiscalizado
39,001,ESC ESTADUAL ANA PAULA RIBEIRO B LIRA,"RUA JUIZ OVIDIO GOUVEIA, SN",PEDRO GONDIM,3ª CIA,7,10/26/2024,8:00,1695,BAIXO,Inativo,Não instalado,Não fiscalizado
40,064,E.M.E.F. LEONIDAS SANTIAGO,"RUA CÔNEGO VICENTE PIMENTEL, 365",RANGEL,7ª CIA,7,10/26/2024,8:00,2573,MÉDIO,Inativo,Não instalado,Não fiscalizado
41,077,ESC. EST. DE 1.GRAU CLAUDINA M. DE MOURA,CARTEIRO FRANCISCO INACIO DO REGO FILHO,ALTO DO MATEUS,5ª CIA,5,10/26/2024,8:10,1613,MÉDIO,Inativo,Não instalado,Não fiscalizado
42,077,ESCOLA ESTADUAL CONEGO NICODEMOS NEVES,"PRAÇA LAURO WANDERLEY, S/N",FUNCIONARIOS I,6ª CIA,13,10/26/2024,8:10,4231,BAIXO,Inativo,Não instalado,Não fiscalizado
43,077,ESC. MUN. PROF.ARNALDO DE BARROS MOREIRA,CAPITAO FRANCISCO PEREIRA 375,NOVAIS,6ª CIA,9,10/26/2024,8:10,2050,BAIXO,Inativo,Não instalado,Não fiscalizado
44,077,ESCOLA MUNICIPAL LUIZA LIMA LOBO,CARTEIRO FRANCISCO INACIO DO REGO FILHO,ALTO DO MATEUS,5ª CIA,8,10/26/2024,8:20,2663,BAIXO,Inativo,Não instalado,Não fiscalizado
45,077,ESCOLA MUNICIPAL CASTRO ALVES,RUA MANOEL GUERRA,FUNCIONARIOS I,6ª CIA,7,10/26/2024,8:20,2131,BAIXO,Inativo,Não instalado,Não fiscalizado
46,077,ESCOLA MUNICIPAL DR. JOSE NOVAIS,"R. SANTOS ESTANISLAU,322",NOVAIS,6ª CIA,4,10/26/2024,8:20,,BAIXO,Inativo,Não instalado,Não fiscalizado
47,064,E.E.E.F. IRMÃ SEVERINA CAVALCANTE SOUTO,"RUA RODRIGUES CHAVES, S/N",CENTRO,5ª CIA,2,10/26/2024,8:30,962,MÉDIO,Inativo,Não instalado,Não fiscalizado
48,064,ESCOLA MUNICIPAL ANIBAL MOURA,"RUA SAO SALVADOR, 25",CRUZ DAS ARMAS,6ª CIA,5,10/26/2024,8:00,1570,BAIXO,Inativo,Não instalado,Não fiscalizado
49,064,E.E.E.F.M. PROF. PEDRO AUGUSTO P. CAMINHA - EEPAC,"RUA ANUBIO LINS FALCAO, S/N",JAGUARIBE,5ª CIA,4,10/26/2024,8:30,1202,MÉDIO,Inativo,Não instalado,Não fiscalizado
50,077,ESCOLA EVANGELICA BETEL,R. MAESTRO HEITOR VILLA LOBOS S/N,FUNCIONARIOS I,6ª CIA,4,10/26/2024,8:30,1016,MÉDIO,Inativo,Não instalado,Não fiscalizado
51,077,ESCOLA MUNICIPAL JOAO SANTA CRUZ DE OLIVEIRA,DESEMBARGADOR SANTOS ESTANISLAU 460,NOVAIS,6ª CIA,11,10/26/2024,8:30,,BAIXO,Inativo,Não instalado,Não fiscalizado
52,001,FUNAD - ACESSO NÚCLEO DE VIVÊNCIA E ARTES,"RUA DR ORESTES LISBOA, SN",PEDRO GONDIM,3ª CIA,5,10/26/2024,8:30,1327,BAIXO,Inativo,Não instalado,Não fiscalizado
53,001,FPB - FACULDADE INTERNACIONAL DA PARAÍBA,"AV. MONSENHOR WALFREDO LEAL, 512",TAMBIÁ,4ª CIA,5,10/26/2024,8:40,1309,BAIXO,Inativo,Não instalado,Não fiscalizado
54,077,ESCOLA EST DE 1 GRAU HENRIQUE DIAS,R CARLOS BORROMEU RIBEIRO S/N,ALTO DO MATEUS,5ª CIA,7,10/26/2024,8:40,2394,BAIXO,Inativo,Não instalado,Não fiscalizado
55,077,ESCOLA ESTADUAL OTAVIO NOVAIS,DESEMBARGADOR SANTOS ESTANISLAU S/N,NOVAIS,6ª CIA,7,10/26/2024,8:40,,BAIXO,Inativo,Não instalado,Não fiscalizado
56,077,ESCOLA ESTADUAL ESCRITOR HORACIO DE ALMEIDA,DURVAL COUTINHO S/N,ALTO DO MATEUS,5ª CIA,10,10/26/2024,8:50,3420,BAIXO,Inativo,Não instalado,Não fiscalizado
57,001,ESC ESTADUAL PROF LUIZ GONZAGA BURITI,AV MONSENHOR WALFREDO LEAL S/N,TAMBIÁ,4ª CIA,5,10/26/2024,9:30,1632,BAIXO,Inativo,Não instalado,Não fiscalizado
58,001,COLÉGIO NOSSA SENHORA DE LOURDES (LOURDINAS),"AV PRESIDENTE EPITACIO PESSOA, 208",TORRE,3ª CIA,7,10/26/2024,8:30,2747,BAIXO,Inativo,Não instalado,Não fiscalizado
59,001,ESC MUNICIPAL CÔNEGO MATIAS FREIRE,RUA GEMINIANO DA FRANCA 654,TORRE,3ª CIA,5,10/26/2024,9:00,1942,BAIXO,Inativo,Não instalado,Não fiscalizado
60,001,ESC MUNICIPAL ANGELO NOTARE,PRAÇA DOM VILAS BOAS 27,TREZE DE MAIO,4ª CIA,5,10/26/2024,8:30,1935,BAIXO,Inativo,Não instalado,Não fiscalizado
61,064,SERVICO SOCIAL DA INDUSTRIA - SESI,"RUA RODRIGUES CHAVES, 90",CENTRO,5ª CIA,1,10/26/2024,9:00,501,MÉDIO,Inativo,Não instalado,Não fiscalizado
62,064,E.E.E.F. CASTRO PINTO,"AV. CRUZ DAS ARMAS, 1096",CRUZ DAS ARMAS,6ª CIA,3,10/26/2024,8:30,953,BAIXO,Inativo,Não instalado,Não fiscalizado
63,064,JOÃO MACHADO COLÉGIO E CURSO,"AV. 1 DE MAIO, 386",JAGUARIBE,5ª CIA,10,10/26/2024,9:00,2562,BAIXO,Inativo,Não instalado,Não fiscalizado
64,064,E.M.E.F. PROFESSOR DURMEVAL TRIGUEIRO MENDES,"RUA QUATORZE DE JULHO, 891",RANGEL,7ª CIA,12,10/26/2024,8:30,4720,MÉDIO,Inativo,Não instalado,Não fiscalizado
65,001,ESC. ESTADUAL PADRE IBIAPINA,"RUA JOÃO DE BRITO LIMA MOURA, SN",MANDACARU,4ª CIA,3,10/26/2024,8:30,1186,MÉDIO,Inativo,Não instalado,Não fiscalizado
66,001,MOTIVA,"RUA ANTONIO RABELO JUNIOR, 270",MIRAMAR,4ª CIA,4,10/26/2024,9:00,1520,BAIXO,Inativo,Não instalado,Não fiscalizado
67,001,ESC. MUNICIPAL SENADOR RUI CARNEIRO,"RUA JOÃO DE BRITO, 180",MANDACARU,4ª CIA,5,10/26/2024,9:00,1959,MÉDIO,Inativo,Não instalado,Não fiscalizado
68,001,CENTRO E. DE LÍNGUAS (ANTIGA ESC. Pª URSULA LIANZA),AV MONSENHOR WALFREDO LEAL 476,TAMBIÁ,4ª CIA,4,10/26/2024,9:00,1257,BAIXO,Inativo,Não instalado,Não fiscalizado
69,064,ESCOLA MUNICIPAL DAMÁSIO BARBOSA DA FRANCA,"RUA RODRIGUES CHAVES, S/N",CENTRO,5ª CIA,6,10/26/2024,9:30,1691,ALTO,Inativo,Não instalado,Não fiscalizado
70,064,ESC. MUN. EDUCADOR FRANCISCO PEREIRA DA NOBREGA,"AV. ELIAS CAVALCANTI DE ALBUQUERQUE, S/N",CRISTO REDENTOR,7ª CIA,7,10/26/2024,11:30,2287,ALTO,Inativo,Não instalado,Não fiscalizado
71,064,ESCOLA ESTADUAL DE 1. GRAU FREI MARTINHO,"AV. DESEMBARGADOR NOVAIS, S/N",CRUZ DAS ARMAS,6ª CIA,7,10/26/2024,9:30,2325,BAIXO,Inativo,Não instalado,Não fiscalizado
72,064,ESCOLA MUNICIPAL ANALICE CALDAS,"RUA CECÍLIA MIRANDA, 22",JAGUARIBE,5ª CIA,3,10/26/2024,9:30,1350,BAIXO,Inativo,Não instalado,Não fiscalizado
73,001,CONECTA SMART SCHOOL - (ANTIGO CARRAZZONI),"RUA PADRE PINTO, 241",EXPEDICIONARIOS,3ª CIA,4,10/26/2024,9:30,,BAIXO,Inativo,Não instalado,Não fiscalizado
74,064,E.E.E.F. PROF. MATEUS RIBEIRO,"RUA BOM JESUS, 526",RANGEL,7ª CIA,4,10/26/2024,9:00,1369,ALTO,Inativo,Não instalado,Não fiscalizado
75,064,ESCOLA MUNICIPAL SANTOS DUMONT,"RUA FREI MIGUELINO, 34",VARADOURO,5ª CIA,1,10/26/2024,9:45,69,ALTO,Inativo,Não instalado,Não fiscalizado
76,001,ESC. ESTADUAL MONS ODILON COUTINHO,RUA CELERINA  PAIVA S/N,MANDACARU,4ª CIA,6,10/26/2024,9:30,2233,MÉDIO,Inativo,Não instalado,Não fiscalizado
77,001,ESC ESTADUAL DES BOTTO DE MENEZES,RUA PROFESSORA RITA MIRANDA 318,TREZE DE MAIO,4ª CIA,6,10/26/2024,9:30,2367,MÉDIO,Inativo,Não instalado,Não fiscalizado
78,064,E.E.E.F. ISABEL MARIA DAS NEVES,"AV. JOÃO MACHADO, 484",CENTRO,5ª CIA,3,10/26/2024,10:00,925,BAIXO,Inativo,Não instalado,Não fiscalizado
79,064,ESCOLA MUNICIPAL AUGUSTO DOS ANJOS,"RUA OLÍVIA MARTINS DE ALMEIDA GUERRA, 391",CRISTO REDENTOR,7ª CIA,7,10/26/2024,12:00,3020,ALTO,Inativo,Não instalado,Não fiscalizado
80,064,CREI ADALGISA VIEIRA,"RUA SIQUEIRA CAMPOS, S/N",CRUZ DAS ARMAS,6ª CIA,2,10/26/2024,10:00,532,BAIXO,Inativo,Não instalado,Não fiscalizado
81,064,CENTRO SOCIAL URBANO ISABEL DE BRITO PEREIRA,"RUA BOM JESUS, S/N",RANGEL,7ª CIA,4,10/26/2024,9:30,,ALTO,Inativo,Não instalado,Não fiscalizado
82,001,ESC MUNICIPAL CÔNEGO JOÃO DE DEUS,AV EXPEDICIONARIOS S/N,EXPEDICIONARIOS,3ª CIA,5,10/25/2024,9:30,1941,BAIXO,Inativo,Não instalado,Não fiscalizado
83,064,E.E.E.M. PROFESSOR ORLANDO CAVALCANTE GOMES,"RUA PRESIDENTE NEREU RAMOS, S/N",CRISTO REDENTOR,7ª CIA,11,10/26/2024,8:30,3916,MÉDIO,Inativo,Não instalado,Não fiscalizado
84,064,ESCOLA MUNICIPAL APOLONIO SALES DE MIRANDA,"RUA ENGENHEIRO RETUMBA, 240",CRUZ DAS ARMAS,6ª CIA,6,10/26/2024,10:20,2312,BAIXO,Inativo,Não instalado,Não fiscalizado
85,064,ESCOLA ESTADUAL DE I GRAU RAUL MACHADO,RUA CARNEIRO CAMPOS S/N,ILHA DO BISPO,5ª CIA,6,10/26/2024,10:15,2072,ALTO,Inativo,Não instalado,Não fiscalizado
86,064,CREI SÃO FRANCISCO,"RUA JOSÉ SOARES, 32",RANGEL,7ª CIA,3,10/26/2024,10:00,956,ALTO,Inativo,Não instalado,Não fiscalizado
87,001,ESC. MUNICIPAL FRANCISCA MOURA,"RUA SILVINO SANTOS, 27",MANDACARU,4ª CIA,4,10/26/2024,10:00,1501,MÉDIO,Inativo,Não instalado,Não fiscalizado
88,064,E.E.E.F.M. LILIOSA DE PAIVA LEITE,"RUA DOM BOSCO, S/N",CRISTO REDENTOR,7ª CIA,5,10/26/2024,9:30,1975,BAIXO,Inativo,Não instalado,Não fiscalizado
89,064,ESCOLA ESTADUAL DE 1. GRAU PAPA PAULO VI,"RUA DEPUTADO JOSE TAVARES, S/N",CRUZ DAS ARMAS,6ª CIA,14,10/26/2024,11:00,5471,BAIXO,Inativo,Não instalado,Não fiscalizado
90,064,ESCOLA MUNICIPAL JOSÉ PEREGRINO DE CARVALHO,"RUA CARNEIRO CAMPOS, SN",ILHA DO BISPO,5ª CIA,2,10/26/2024,10:30,791,ALTO,Inativo,Não instalado,Não fiscalizado
91,064,E.M.E.F. PADRE BARTOLOMEU DE GUSMÃO,"RUA JOANA DOMINGOS ALVES, S/N",CRISTO REDENTOR,7ª CIA,8,10/26/2024,10:20,2627,BAIXO,Inativo,Não instalado,Não fiscalizado
92,064,E.M.E.F. PADRE PEDRO SERRÃO,"RUA DOM BOSCO, 577",CRISTO REDENTOR,7ª CIA,4,10/26/2024,9:45,1442,MÉDIO,Inativo,Não instalado,Não fiscalizado
93,064,ESCOLA MUNICIPAL ZULMIRA DE NOVAIS,"RUA SANTA TEREZA, 570",CRUZ DAS ARMAS,6ª CIA,9,10/26/2024,11:30,2467,BAIXO,Inativo,Não instalado,Não fiscalizado
94,064,ESCOLA MUNICIPAL FRUTUOSO BARBOSA,"RUA LOPO GARRO, 2OO",ILHA DO BISPO,5ª CIA,3,10/26/2024,11:00,1451,ALTO,Inativo,Não instalado,Não fiscalizado
95,064,E.M.E.F. AMÉRICO FALCÃO,"RUA DOM BOSCO, 557",CRISTO REDENTOR,7ª CIA,7,10/26/2024,10:00,2381,MÉDIO,Inativo,Não instalado,Não fiscalizado
96,064,ESCOLA MUNICIPAL ALMIRANTE BARROSO,"RUA ENEDINO JORGE DE ANDRADE, 371",CRUZ DAS ARMAS,6ª CIA,3,10/26/2024,12:00,1260,ALTO,Inativo,Não instalado,Não fiscalizado
97,064,ESCOLA ESTADUAL GERALDO LAFAYETTE BEZERRA,"RUA FELINTO DE ARRUDA ESCOLÁSTICO, S/N",CRISTO REDENTOR,7ª CIA,5,10/26/2024,9:00,1863,MÉDIO,Inativo,Não instalado,Não fiscalizado
98,064,ESCOLA MUNICIPAL AGOSTINHO FONSECA NETO,"RUA FERNANDO CUNHA LIMA, S/N",CRISTO REDENTOR,7ª CIA,6,10/26/2024,11:00,,ALTO,Inativo,Não instalado,Não fiscalizado
99,001,ESC ESTADUAL PRESIDENTE JOÃO GOULART,"RUA CONEGO FRANCISCO LIMA, 06",CASTELO BRANCO,1ª CIA,9,10/26/2024,8:15,2833,BAIXO,Inativo,Não instalado,Não fiscalizado
100,076,ESC. TÉCNICA ESTADUAL DE JPA (MANGABEIRA),"AVENIDA SOUTO MAIOR, SN",BANCARIOS,1ª CIA,9,10/26/2024,7:00,3476,MÉDIO,Inativo,Não instalado,Não fiscalizado
101,001,ESC. ESTADUAL FENELON CAMARA (GERÊNCIA DE BANDAS),"RUA JOSÉ BATISTA DE MELO, S/N",CASTELO BRANCO,1ª CIA,5,10/26/2024,8:45,1417,BAIXO,Inativo,Não instalado,Não fiscalizado
102,076,GEO SUL BANCARIOS ATUAL VILA,"RUA ANTÔNIO TARGINO PESSOA DA SILVEIRA,579",BANCARIOS,1ª CIA,18,10/26/2024,7:30,6434,BAIXO,Inativo,Não instalado,Não fiscalizado
103,077,ESCOLA TÉCNICA MANOEL LISBOA DE MOURA,"RUA ANTÔNIO CLAUDINO LEAL, S/N",COSTA E SILVA,5ª CIA,9,10/26/2024,7:50,2703,MÉDIO,Inativo,Não instalado,Não fiscalizado
104,001,ESC ESTADUAL DES BRAZ BARACUHY,RUA ESCRITOR GILBERTO AMADO S/N,CASTELO BRANCO,1ª CIA,7,10/26/2024,9:15,2112,BAIXO,Inativo,Não instalado,Não fiscalizado
105,064,ESC. EST. DE 1 GRAU CONEGO FRANCISCO G DE LIMA,"AVENIDA PETRONIO DE FIGUEIREDO, S/N",ERNESTO GEISEL,3ª CIA,13,10/26/2024,8:00,4746,BAIXO,Inativo,Não instalado,Não fiscalizado
106,070,ESCOLA MUNICIPAL CARLOS NEVES DA FRANCA,RUA LEILA DINIZ 244,JOSE AMERICO,3ª CIA,7,10/26/2024,8:00,2614,BAIXO,Inativo,Não instalado,Não fiscalizado
107,070,ESC.EST.DE 1 GRAU MA DE FATIMA SOUTO,RUA JOSE GOMES DE SOUZA S/N,MANGABEIRA I,2ª CIA,6,10/26/2024,8:00,2111,MÉDIO,Inativo,Não instalado,Não fiscalizado
108,070,ESCOLA MUNICIPAL DAVID TRINDADE,"RUA JOSE MENDONCA DE ARAUJO, 88",MANGABEIRA I,2ª CIA,16,10/26/2024,8:00,5634,BAIXO,Inativo,Não instalado,Não fiscalizado
109,070,ESC.EST. DE ENSINO FUND. PROF.JOSE BATISTA DE MELO,RUA MANUEL ANGELO DE OLIVEIRA S/N,MANGABEIRA VII,2ª CIA,11,10/26/2024,8:00,4100,BAIXO,Inativo,Não instalado,Não fiscalizado
110,070,ESCOLA MUNICIPAL PROF. AFONSO PEREIRA DA SILVA,RUA VALDEVINO LOBO S/N,MANGABEIRA VIII,2ª CIA,7,10/26/2024,8:00,2488,MÉDIO,Inativo,Não instalado,Não fiscalizado
111,070,ESCOLA EST DE 1 GRAU PROF TERCIA BONAVIDES LINS,"RUA VEREADOR FRANCISCO L. CAVALCANTE ,315",VALENTINA,4ª CIA,6,10/26/2024,8:00,1852,BAIXO,Inativo,Não instalado,Não fiscalizado
112,070,ESCOLA ESTADUAL DE 1 GRAU PROF CELESTIN MALZAC,R PROFESSORA ZENAIDE BRASILINO S/N,VALENTINA,4ª CIA,8,10/26/2024,8:00,3242,BAIXO,Inativo,Não instalado,Não fiscalizado
113,070,CPDAC - CENTRO PROFISSIONALIZANTE ANTONIO CABRAL,AVENIDA AVELINO DOS SANTOS,VALENTINA II,4ª CIA,23,10/26/2024,8:00,8481,BAIXO,Inativo,Não instalado,Não fiscalizado
114,076,CENTRO DE EDUCAÇAO CARL ROGERS,"RUA REGINALDO AMARAL MURIBECA, 65",BANCARIOS,1ª CIA,7,10/26/2024,8:00,2595,BAIXO,Inativo,Não instalado,Não fiscalizado
115,076,CENTRO UNIVERSITÁRIO DE JOÃO PESSOA - UNIPÊ,"RODOVIA BR-230,KM 22, S/N",BANCARIOS,1ª CIA,8,10/26/2024,8:00,2940,BAIXO,Inativo,Não instalado,Não fiscalizado
116,077,ESCOLA MUNICIPAL DUQUE DE CAXIAS,"RUA GRACILIANO DELGADO, 284",COSTA E SILVA,5ª CIA,9,10/26/2024,8:00,2465,MÉDIO,Inativo,Não instalado,Não fiscalizado
117,077,EEEF GOVERNADOR ANTONIO MARIZ,"R. TONI CASSIO RODRIGUES ESTRELA, 32",FUNCIONARIOS III,5ª CIA,5,10/26/2024,8:00,1529,ALTO,Inativo,Não instalado,Não fiscalizado
118,077,ESCOLA ESTADUAL CINEASTA LINDUARTE NORONHA,"R. ANTÔNIO FERNANDES, S/N",GRAMAME,5ª CIA,6,10/26/2024,8:00,2057,ALTO,Inativo,Não instalado,Não fiscalizado
119,077,E.M. PROF. PAULO FREIRE - CJ NOVA TRINDADE,RUA PROJETADA Q-1 L-2- CONJ. NOVA TRINDADE,JARDIM VENEZA,6ª CIA,5,10/26/2024,8:00,1732,MÉDIO,Inativo,Não instalado,Não fiscalizado
120,077,ESC. PROFESSORA ANTONIA SOCORRO SILVA MACHADO,"AVENIDA ABELARDO JUREMA, 277",PARATIBE,4ª CIA,7,10/26/2024,8:00,2410,MÉDIO,Inativo,Não instalado,Não fiscalizado
121,077,ESCOLA ESTADUAL DE 1 GRAU DEBORA DUARTE,RUA ADRISIO MOTA DE SOUZA S/N,FUNCIONARIOS II,5ª CIA,12,10/26/2024,8:10,4087,MÉDIO,Inativo,Não instalado,Não fiscalizado
122,077,E.M.E.F. JORNALISTA RAIMUNDO NONATO BATISTA,"RUA JOAQUIM MONTEIRO DA FRANCA, S/N",GRAMAME,5ª CIA,9,10/26/2024,8:10,2839,ALTO,Inativo,Não instalado,Não fiscalizado
123,077,ESCOLA MUNICIPAL MOEMA TINOCO CUNHA LIMA,"RUA JOSÉ RODRIGUES DE PAIVA, S/N",GROTAO,5ª CIA,7,10/26/2024,8:10,1766,ALTO,Inativo,Não instalado,Não fiscalizado
124,077,E.M. CENTENARIO PRESIDENTE JOAO PESSOA,RUA MARTIM LUTERO 520,JARDIM VENEZA,6ª CIA,11,10/26/2024,8:10,3552,MÉDIO,Inativo,Não instalado,Não fiscalizado
125,077,ESCOLA MUNICIPAL DOM MARCELO PINTO CARVALHEIRA,R. PROFA. MARIA APARECIDA PEREIRA CRUZ,PARATIBE,4ª CIA,11,10/26/2024,8:10,4289,MÉDIO,Inativo,Não instalado,Não fiscalizado
126,077,ESCOLA MUNICIPAL JOAO MONTEIRO DA FRANCA,RUA JOSE VIEIRA DINIZ 66,JOSE VIEIRA DINIZ,6ª CIA,10,10/26/2024,8:20,3412,MÉDIO,Inativo,Não instalado,Não fiscalizado
127,077,COLÉGIO PARTICULAR INTENSIVO,"RUA JORN. JOSÉ RAMALHO, 306",COSTA E SILVA,5ª CIA,3,10/26/2024,8:20,969,MÉDIO,Inativo,Não instalado,Não fiscalizado
128,077,ESCOLA MUNICIPAL DARCY RIBEIRO,"R. GISONITA PEREIRA DA SILVA, S/N",FUNCIONARIOS II,5ª CIA,11,10/26/2024,8:20,3625,BAIXO,Inativo,Não instalado,Não fiscalizado
129,077,ESCOLA MUNICIPAL ANTENOR NAVARRO,ESTRADA DE GRAMAME ZONA RURAL,GRAMAME,5ª CIA,14,10/26/2024,8:20,4486,ALTO,Inativo,Não instalado,Não fiscalizado
130,077,FACENE,"AV FREI GALVÃO, 12",GRAMAME,5ª CIA,23,10/26/2024,8:20,7890,BAIXO,Inativo,Não instalado,Não fiscalizado
131,077,ESCOLA MUNICIPAL THARSILLA BARBOSA DA FRANCA,R NOSSA SENHORA DA PAZ 72,GROTAO,5ª CIA,9,10/26/2024,8:20,3042,ALTO,Inativo,Não instalado,Não fiscalizado
132,076,CENTRAL DE AULAS UFPB,UFPB UNIVERSIDADE FEDERAL DA PARAÍBA,BANCARIOS,1ª CIA,25,10/26/2024,8:25,9378,BAIXO,Inativo,Não instalado,Não fiscalizado
133,001,ESC ESTADUAL ALMIRANTE TAMANDARE,RUA MATOS CARDOSO S/N,CASTELO BRANCO I,1ª CIA,4,10/26/2024,9:45,1772,BAIXO,Inativo,Não instalado,Não fiscalizado
134,064,ESCOLA MUNICIPAL PADRE LEONEL DA FRANCA,"RUA ANTONIO ARANTES, 160",ERNESTO GEISEL,3ª CIA,8,10/26/2024,8:30,2244,BAIXO,Inativo,Não instalado,Não fiscalizado
135,070,ESCOLA ESTADUAL DE 1º GRAU MESTRE SIVUCA,QUADRA 222 LOTE S/N - CIDADE VERDE,MANGABEIRA VIII,2ª CIA,10,10/26/2024,8:30,3653,MÉDIO,Inativo,Não instalado,Não fiscalizado
136,076,ISO SUL COLEGIO E CURSO,"RUA ROSA LIMA DOS SANTOS, 710",CID. UNIVERSITARIA,1ª CIA,6,10/26/2024,8:30,2211,BAIXO,Inativo,Não instalado,Não fiscalizado
137,077,E.E.E.F. CAPISTRANO DE ABREU,"R. AURILIA LINS RABELO, S/N",COSTA E SILVA,5ª CIA,4,10/26/2024,8:30,870,ALTO,Inativo,Não instalado,Não fiscalizado
138,077,COLÉGIO INA,"AV LOURIVAL BEZERRA DOS SANTOS, 10",GRAMAME,5ª CIA,2,10/26/2024,8:30,495,BAIXO,Inativo,Não instalado,Não fiscalizado
139,077,EMEF DEP FERNANDO PAULO CARRILHO MILANEZ,RUA ALBERTO DE MIRANDA HENRIQUE,GRAMAME,5ª CIA,2,10/26/2024,8:30,777,ALTO,Inativo,Não instalado,Não fiscalizado
140,077,ESCOLA MUNICIPAL PEDRA DO REINO,"RUA BLUMENAL, S/N",GROTAO,5ª CIA,8,10/26/2024,8:30,2529,ALTO,Inativo,Não instalado,Não fiscalizado
141,077,E.E.E.F. SANTOS DUMONT,RUA DAS INDUSTRIAS S/N,INDUSTRIAS,6ª CIA,4,10/26/2024,8:30,1363,BAIXO,Inativo,Não instalado,Não fiscalizado
142,077,ESCOLA ESTADUAL PROF. PAULO FREIRE,R. PROJETADA S/N,JOAO PAULO II,3ª CIA,6,10/26/2024,8:30,2049,MÉDIO,Inativo,Não instalado,Não fiscalizado
143,077,ESCOLA MUNICIPAL MONTEIRO LOBATO,"R. JOSE DA CUNHA, 101",COSTA E SILVA,5ª CIA,3,10/26/2024,8:40,724,MÉDIO,Inativo,Não instalado,Não fiscalizado
144,077,ESCOLA ESTADUAL JOSÉ DO PATROCINIO,"RUA ANTONIO CORREIA DA COSTA, S/N",FUNCIONARIOS II,5ª CIA,9,10/26/2024,8:40,3073,ALTO,Inativo,Não instalado,Não fiscalizado
145,077,E.M ANTONIA LUCIA NAVARRO BRAGA - LUCIA BRAGA,"RUA ATHAYDE CARNEIRO DE ARAÚJO, 958",GRAMAME,5ª CIA,1,10/26/2024,8:40,464,ALTO,Inativo,Não instalado,Não fiscalizado
146,077,ESC. MUN. CANTALICE LEITE MAGALHÃES,"RUA MANUEL DE PAULA MAGALHÃES, 57",INDUSTRIAS,6ª CIA,14,10/26/2024,8:40,4412,MÉDIO,Inativo,Não instalado,Não fiscalizado
147,077,ESCOLA MUNICIPAL CELSO MONTEIRO FURTADO,"RUA MARIA CARNEIRO DOS SANTOS, 50",JOAO PAULO II,3ª CIA,3,10/26/2024,8:40,894,MÉDIO,Inativo,Não instalado,Não fiscalizado
148,077,ESCOLA MUNICIPAL DUARTE DA SILVEIRA,"RUA MARIETA ARAUJO NASCIMENTO,265",COSTA E SILVA,5ª CIA,4,10/26/2024,8:50,1108,MÉDIO,Inativo,Não instalado,Não fiscalizado
149,001,COLÉGIO SANTA DOROTEIA,"RUA EDUARDO MEDEIROS, 89",CASTELO BRANCO,1ª CIA,5,10/26/2024,10:15,1708,BAIXO,Inativo,Não instalado,Não fiscalizado
150,064,ESCOLA MUNICIPAL FENELON CAMARA,"RUA ADAUTO TOLEDO, 157",ERNESTO GEISEL,3ª CIA,10,10/26/2024,8:45,3742,BAIXO,Inativo,Não instalado,Não fiscalizado
151,070,CRECHE MARIA DE FÁTIMA,RUA JOAQUIM BARBOSA S/N,JOSE AMERICO,3ª CIA,6,10/26/2024,9:00,2135,BAIXO,Inativo,Não instalado,Não fiscalizado
152,070,COLÉGIO E CURSO DECISÃO,"RUA ESTELA BEZERRA DA SILVA, 152",MANGABEIRA I,2ª CIA,11,10/26/2024,9:00,3520,MÉDIO,Inativo,Não instalado,Não fiscalizado
153,070,ESCOLA ESTADUAL DE 1 GRAU PROF OLIVIO PINTO,R ULISSES A. PEQUENO S/N,VALENTINA,4ª CIA,11,10/26/2024,9:00,4051,BAIXO,Inativo,Não instalado,Não fiscalizado
154,070,FUNDAÇÃO BRADESCO,"R. MARIÂNGELA LUCENA PEIXOTO, 683",VALENTINA,4ª CIA,13,10/26/2024,9:00,5107,BAIXO,Inativo,Não instalado,Não fiscalizado
155,076,CCSA UFPB - CENTRO DE CIÊNCIAS SOCIAIS APLICADAS,"CAMPUS I UFPB, 289",BANCARIOS,1ª CIA,2,10/26/2024,9:00,842,BAIXO,Inativo,Não instalado,Não fiscalizado
156,076,ESC CIDADÃ INTEGRAL TÉCNICA FRANC. ASCENSÃO CUNHA,"R. BANCÁRIO LUIZ G. G. DA SILVA FILHO, 68",CID. UNIVERSITARIA,1ª CIA,6,10/26/2024,9:00,2123,BAIXO,Inativo,Não instalado,Não fiscalizado
157,077,ESCOLA ESTADUAL DE 1 GRAU JOAQUIM NABUCO,"LOTEAMENTO GAUCHINHA, S/N",COSTA E SILVA,5ª CIA,4,10/26/2024,9:00,1038,MÉDIO,Inativo,Não instalado,Não fiscalizado
158,077,E.M.E.F. PROF. ANAYDE BEIRIZ,RUA CIDADE DE CAJAZEIRAS - CIDADE VERDE,INDUSTRIAS,6ª CIA,16,10/26/2024,9:00,5337,MÉDIO,Inativo,Não instalado,Não fiscalizado
159,077,ESCOLA ESTADUAL DE 1 GRAU OSVALDO PESSOA,R. ADELAIDE FIGUEIREDO GOUVEIA,ERNANI SATIRO,5ª CIA,12,10/26/2024,9:10,3737,MÉDIO,Inativo,Não instalado,Não fiscalizado
160,077,ESCOLA ESTADUAL DE ENS. FUND. D. JOSE MARIA PIRES,RUA DAS ROSAS  SN,INDUSTRIAS,6ª CIA,5,10/26/2024,9:10,1459,ALTO,Inativo,Não instalado,Não fiscalizado
161,077,ESCOLA MUNICIPAL ERNANY SATIRO,R PROF JOSE HOLMES 120,ERNANI SATIRO,5ª CIA,3,10/26/2024,9:20,829,MÉDIO,Inativo,Não instalado,Não fiscalizado
162,077,ESC. MUN. LYNALDO C. DE ALBUQUERQUE,"RUA DA AÇÃO, S/N",INDUSTRIAS,6ª CIA,9,10/26/2024,9:20,3133,MÉDIO,Inativo,Não instalado,Não fiscalizado
163,064,CENEC - ESCOLA CENECISTA JOÃO REGIS AMORIM,"RUA ADAUTO TOLEDO, S/N",ERNESTO GEISEL,3ª CIA,5,10/26/2024,9:00,1966,BAIXO,Inativo,Não instalado,Não fiscalizado
164,070,E.E.E.F. DAURA SANTIAGO RANGEL,RUA BENÍCIO DE OLIVEIRA LIMA S/N,JOSE AMERICO,3ª CIA,7,10/26/2024,9:30,2741,BAIXO,Inativo,Não instalado,Não fiscalizado
165,070,ESC.EST.DE 1 GRAU VIRGINIUS DA GAMA E MELO,"RUA COMERCIANTE ANTONIO DE SOUSA LIMA,30",MANGABEIRA I,2ª CIA,10,10/26/2024,9:30,3290,MÉDIO,Inativo,Não instalado,Não fiscalizado
166,070,COL. EST. DE 1. GRAU PROF MARIA BRONZEADO MACHADO,R. ADAUTO DANTAS S/N,MANGABEIRA II,2ª CIA,11,10/26/2024,9:30,4225,MÉDIO,Inativo,Não instalado,Não fiscalizado
167,076,ESCOLA MUNICIPAL ARUANDA ATRAS DA PRAÇA DA PAZ,RUA EURIDICE DE FÉLIX CABRAL SN,BANCARIOS,1ª CIA,14,10/26/2024,9:30,5097,BAIXO,Inativo,Não instalado,Não fiscalizado
168,077,COLÉGIO EXITTUS - SANTA BÁRBARA,"RUA DR. ABILIO PAIVA, 16",ERNANI SATIRO,5ª CIA,4,10/26/2024,9:30,1327,MÉDIO,Inativo,Não instalado,Não fiscalizado
169,064,ESCOLA MUNICIPAL JOSÉ EUGENIO LINS DE ALBUQUERQUE,"RUA PEDRO PATRICIO DE SOUZA, S/N",ERNESTO GEISEL,3ª CIA,6,10/26/2024,9:30,1742,BAIXO,Inativo,Não instalado,Não fiscalizado
170,070,ESCOLA ESTADUAL DE 1 GRAU COMP LUIZ RAMALHO,RUA COMERCIANTE ALFREDO FERREIRA ROCHA,MANGABEIRA I,2ª CIA,9,10/26/2024,10:00,2157,BAIXO,Inativo,Não instalado,Não fiscalizado
171,070,ESCOLA ESTADUAL BORGES DA FONSECA,"AV. CEL. CALIXTO, S/N",MANGABEIRA VIII,2ª CIA,6,10/26/2024,10:00,1624,MÉDIO,Inativo,Não instalado,Não fiscalizado
172,070,INST. EDUC. NOSSA SENHORA DA CONCEIÇÃO - IENSC,"RUA PROFA. MARIA DA LUZ BARBOSA, 14",VALENTINA,4ª CIA,2,10/26/2024,10:00,615,BAIXO,Inativo,Não instalado,Não fiscalizado
173,064,ESCOLA ESTADUAL MILTON CAMPOS,RUA SEVERINA Mª DE VASCONCELOS CARVALHO,ERNESTO GEISEL,3ª CIA,7,10/26/2024,10:30,2747,BAIXO,Inativo,Não instalado,Não fiscalizado
174,070,ESCOLA MUNICIPAL MINISTRO JOSE AMERICO DE ALMEIDA,RUA CEL AUGUSTO F MAIA 307,JOSE AMERICO,3ª CIA,11,10/26/2024,10:30,4087,BAIXO,Inativo,Não instalado,Não fiscalizado
175,070,ESC. EST. DE 1 GRAU PEDRO LINS VIEIRA DE MELO,"RUA FRANCISCO PEREIRA DE SOUZA, 130",MANGABEIRA I,2ª CIA,11,10/26/2024,10:30,4212,BAIXO,Inativo,Não instalado,Não fiscalizado
176,070,E.E.E.F. JOÃO ROBERTO B. DE SOUZA,RUA OSÓRIO MILANÊS FILHO S/N,MANGABEIRA II,2ª CIA,8,10/26/2024,10:30,2923,BAIXO,Inativo,Não instalado,Não fiscalizado
177,070,ESCOLA ESTADUAL DE 1 GRAU PROF JACY COSTA,R DRAUZIO FERRER S/N,MANGABEIRA II,2ª CIA,9,10/26/2024,10:30,3053,MÉDIO,Inativo,Não instalado,Não fiscalizado
178,070,ESCOLA MUNICIPAL ÍNDIO PIRAGIBE,"BEATRIZ MARIA DE OLIVEIRA, S/N",MANGABEIRA VII,2ª CIA,9,10/26/2024,10:30,3205,BAIXO,Inativo,Não instalado,Não fiscalizado
179,070,COLÉGIO IPI,"RUA MARIA L. DA CONCEIÇÃO, 100",VALENTINA,4ª CIA,4,10/26/2024,10:30,1501,BAIXO,Inativo,Não instalado,Não fiscalizado
180,070,ESCOLA ESTADUAL DE 1 GRAU DR JOAO NAVARRO FILHO,"RUA PAULO SOARES PEIXOTO,35",VALENTINA,4ª CIA,10,10/26/2024,10:30,3302,BAIXO,Inativo,Não instalado,Não fiscalizado
181,070,ESCOLA MUNICIPAL DOM HELDER CÂMARA,RUA JOAMIR SEVERINO DOS SANTOS S/N,VALENTINA II,4ª CIA,10,10/26/2024,10:30,3706,BAIXO,Inativo,Não instalado,Não fiscalizado
182,070,E.M.E.F. RADEGUNDIS FEITOSA NUNES,RUA D. CÂNDIDA FORMIGA DE SOUZA S/N,JOSE AMERICO,3ª CIA,11,10/26/2024,11:30,4201,MÉDIO,Inativo,Não instalado,Não fiscalizado
183,070,COLÉGIO VIP QI,"RUA MANOEL JOAQUIM DAS NEVES,27",MANGABEIRA II,2ª CIA,4,10/26/2024,11:30,1575,BAIXO,Inativo,Não instalado,Não fiscalizado
184,070,E.M.E.F. LUIZ VAZ DE CAMOES,RUA DR EUCLIDES NEIVA S/N,MANGABEIRA II,2ª CIA,9,10/26/2024,11:30,3332,BAIXO,Inativo,Não instalado,Não fiscalizado
185,070,CENTRO DE FORMAÇÃO DE EDUCADORES,"RUA CORONEL BENEVENUTO G. DA COSTA, S/N",MANGABEIRA VI,2ª CIA,6,10/26/2024,11:30,2020,MÉDIO,Inativo,Não instalado,Não fiscalizado
186,070,ESCOLA MUNICIPAL ZUMBI DOS PALMARES,"RUA RITA XAVIER DE OLIVEIRA, S/N",MANGABEIRA VI,2ª CIA,7,10/26/2024,11:30,2604,MÉDIO,Inativo,Não instalado,Não fiscalizado
187,070,ESCOLA ESTADUAL DE 1 GRAU PROF ADELIA DE FRANCA,"RUA JOAO RAIMUNDO LUCENA, S/N",VALENTINA,4ª CIA,9,10/26/2024,11:30,3316,BAIXO,Inativo,Não instalado,Não fiscalizado
188,070,CENTRO DA CIDADANIA OTAVIANO FERNANDES COUTINHO,"RUA JANDUI DANTAS, S/N",MANGABEIRA I,2ª CIA,3,10/26/2024,12:00,991,BAIXO,Inativo,Não instalado,Não fiscalizado
189,070,CENT. DE REEDUCAÇÃO FEMININA MARIA JÚLIA MARANHÃO,"RUA CEL. BENVENUTO GONÇALVES COSTA, SN",MANGABEIRA II,2ª CIA,1,10/26/2024,12:00,,ALTO,Inativo,Não instalado,Não fiscalizado
190,070,ESC EST DE 1 GRAU LUIZ GONZAGA DE OLIVEIRA,RUA JANDUI DANTAS S/N,MANGABEIRA I,2ª CIA,9,10/26/2024,12:30,3256,BAIXO,Inativo,Não instalado,Não fiscalizado
191,070,CEDAC - CENTRO EDUCACIONAL ANDRÉA CARAMURÚ ,"RUA MONSENHOR ARLINDO B. CAMBOIM, 295 ",MANGABEIRA IV,2ª CIA,7,10/26/2024,12:30,,BAIXO,Inativo,Não instalado,Não fiscalizado
192,064,INSTITUTO DE EDUCAÇÃO DOCE MÃE DE DEUS,"RUA VICENTE COZZA, S/N",ERNESTO GEISEL,3ª CIA,9,10/26/2024,10:00,3433,BAIXO,Inativo,Não instalado,Não fiscalizado
193,076,COLÉGIO VILA ANTIGO MASTER OCEANIA,"RUA FRANCISCO LEOCADIO R. COUTINHO, 180",JARDIM OCEANIA,NORTE,10,10/26/2024,8:00,4072,BAIXO,Inativo,Não instalado,Não fiscalizado
194,076,COLIBRI ENSINO FUNDAMENTAL EM FRENTE AO GINASIO,"RUA VIGOLVINO FLORENTINO DA COSTA, 723",MANAIRA,SUL,6,10/26/2024,8:25,2413,MÉDIO,Inativo,Não instalado,Não fiscalizado
195,076,CLUBE DA PESSOA IDOSA,"RUA ANA GUEDES VASCONCELOS, SN",ALTIPLANO,SUL,4,10/26/2024,8:10,1599,BAIXO,Inativo,Não instalado,Não fiscalizado
196,076,ISO COLEGIO E CURSO - ARGEMIRO,"AV. GOV. ARGEMIRO DE FIGUEIREDO, 477",JARDIM OCEANIA,NORTE,6,10/26/2024,8:15,2053,BAIXO,Inativo,Não instalado,Não fiscalizado
197,076,SHOPPING LIV MALL,"AV. GOV. FLÁVIO RIBEIRO COUTINHO, 500",JARDIM OCEANIA,NORTE,5,10/25/2024,8:15,2002,BAIXO,Inativo,Não instalado,Não fiscalizado
198,076,COLEGIO MASTER BESSA,MARIA ALVES DA ROCHA 51,BESSA,NORTE,8,10/26/2024,8:20,3135,BAIXO,Inativo,Não instalado,Não fiscalizado
199,076,ESCOLA MUN CHICO XAVIER PROX AO SUPERBOX BRASIL,"RUA TELEGRAFISTA ELESBAO SANTIAGO, S/ N",JARDIM OCEANIA,NORTE,11,10/26/2024,8:20,4084,BAIXO,Inativo,Não instalado,Não fiscalizado
200,076,COLEGIO COLIBRI-ATHENAS,R.SÃO GONÇALO 952,MANAIRA,SUL,7,10/26/2024,8:45,2819,MÉDIO,Inativo,Não instalado,Não fiscalizado
201,001,COLÉGIO E CURSO EVOLUÇÃO,"RUA OVÍDIO MENDONÇA, 130",MIRAMAR,SUL,4,10/26/2024,8:30,,BAIXO,Inativo,Não instalado,Não fiscalizado
202,076,ESCOLA ESTADUAL DE 1 GRAU PE ROMA,R  EMILIO ARAUJO CHAVES S/N,ALTIPLANO,SUL,7,10/26/2024,8:30,2412,MÉDIO,Inativo,Não instalado,Não fiscalizado
203,076,ESCOLA MUNICIPAL SERAPHICO DA NOBREGA,RUA UBIRAJARA TARGINO BOTTO 36,TAMBAU,SUL,8,10/26/2024,8:30,3099,BAIXO,Inativo,Não instalado,Não fiscalizado
204,076,META UNIDADE EM FRENTE AO PARQUE PB II,RUA JOSE FERREIRA RAMOS 35,JARDIM OCEANIA,NORTE,12,10/26/2024,8:40,4537,BAIXO,Inativo,Não instalado,Não fiscalizado
205,076,COLEGIO META PROX AO BANCO DO BRASIL,MARIA ROSA JACINTO 71,BESSA,NORTE,17,10/26/2024,8:45,6742,BAIXO,Inativo,Não instalado,Não fiscalizado
206,076,GEO TAMBAU ATUAL AZ,"AV SENADOR RUI CARNEIRO, 500",TAMBAU,SUL,20,10/26/2024,8:50,7265,BAIXO,Inativo,Não instalado,Não fiscalizado
207,076,COL. EST. DE 1.GRAU D ALICE DE ALMEIDA CARNEIRO,SAPE SN,MANAIRA,SUL,12,10/26/2024,8:00,7555,MÉDIO,Inativo,Não instalado,Não fiscalizado
208,076,ASSOCIAÇÃO DOS SERVIDORES DA POLÍCIA FEDERAL,"R. POET LUIZ RAIMUNDO B. DE CARVALHO, 560",BESSA,NORTE,4,10/26/2024,9:00,1518,BAIXO,Inativo,Não instalado,Não fiscalizado
209,076,ESCOLA MUNICIPAL ANITA TRIGUEIRO DO VALLE,"RUA EMLIO ARAUJO CHAVES, N 118",ALTIPLANO,SUL,9,10/26/2024,9:00,3193,BAIXO,Inativo,Não instalado,Não fiscalizado
210,076,MOTIVA AMBIENTAL,RUA SILVINO LOPES 255,TAMBAU,SUL,16,10/26/2024,9:20,6353,BAIXO,Inativo,Não instalado,Não fiscalizado
211,076,COLEGIO MOTIVA ORIENTAL,"AV JOÃO CYRILLO DA SILVA, 1600",ALTIPLANO,SUL,9,10/26/2024,9:30,3396,ALTO,Inativo,Não instalado,Não fiscalizado
212,076,COLEGIO PIO XI - BESSA,RUA PHILADELFO PINTO DE CARVALHO - 135,BESSA,NORTE,18,10/26/2024,9:30,7132,ALTO,Inativo,Não instalado,Não fiscalizado
213,076,ESCOLA MUNICIPAL ANTÔNIO DOS SANTOS COELHO NETO,R. OTACÍLIO SILVA DA SILVEIRA,PENHA,SUL,5,10/26/2024,10:15,1924,BAIXO,Inativo,Não instalado,Não fiscalizado
214,076,FUNDAÇÃO CASA DE JOSE AMERICO,"AV CABO BRANCO, 3336",CABO BRANCO,SUL,8,10/26/2024,10:35,2702,BAIXO,Inativo,Não instalado,Não fiscalizado
215,076,E.M.E.F. NAZINHA BARBOSA ,RUA FRANCISCO BRANDAO 829 ,MANAIRA,SUL,7,10/26/2024,9:05,,MÉDIO,Inativo,Não instalado,Não fiscalizado
216,076,GGE COLEGIO E CURSO ,"RUA ORLANDO SOARES DE OLIVEIRA, 36 ",TAMBAU,SUL,9,10/26/2024,9:40,,BAIXO,Inativo,Não instalado,Não fiscalizado